{"cameraMode":{"drawMode":0,"name":"Shaded","section":"Shading Mode"},"sceneLighting":true,"audioPlay":false,"sceneViewState":{"m_AlwaysRefresh":false,"showFog":true,"showSkybox":true,"showFlares":true,"showImageEffects":true,"showParticleSystems":true,"showVisualEffectGraphs":true,"m_FxEnabled":true},"in2DMode":false,"pivot":{"x":1.1373445987701417,"y":9.298805236816407,"z":-0.411501944065094},"rotation":{"x":-0.03330259025096893,"y":0.008092506788671017,"z":-0.0002689350221771747,"w":-0.9994169473648071},"size":2.93754243850708,"orthographic":true}